{"cameraMode":{"drawMode":0,"name":"Shaded","section":"Shading Mode"},"sceneLighting":true,"audioPlay":false,"sceneViewState":{"m_AlwaysRefresh":false,"showFog":true,"showSkybox":true,"showFlares":true,"showImageEffects":true,"showParticleSystems":true,"showVisualEffectGraphs":true,"m_FxEnabled":true},"in2DMode":false,"pivot":{"x":14.665584564208985,"y":0.8780922889709473,"z":2.1163620948791506},"rotation":{"x":0.19386854767799378,"y":0.7382832169532776,"z":-0.23837514221668244,"w":0.600447952747345},"size":7.993577480316162,"orthographic":false}