{"cameraMode":{"drawMode":0,"name":"Shaded","section":"Shading Mode"},"sceneLighting":true,"audioPlay":false,"sceneViewState":{"m_AlwaysRefresh":false,"showFog":true,"showSkybox":true,"showFlares":true,"showImageEffects":true,"showParticleSystems":true,"showVisualEffectGraphs":true,"m_FxEnabled":true},"in2DMode":false,"pivot":{"x":-14.409854888916016,"y":-0.9891535043716431,"z":-0.33438244462013247},"rotation":{"x":0.11203508824110031,"y":-0.6639822125434876,"z":0.10157739371061325,"w":0.7323070168495178},"size":18.503923416137697,"orthographic":false}