{"cameraMode":{"drawMode":0,"name":"Shaded","section":"Shading Mode"},"sceneLighting":true,"audioPlay":false,"sceneViewState":{"m_AlwaysRefresh":false,"showFog":true,"showSkybox":true,"showFlares":true,"showImageEffects":true,"showParticleSystems":true,"showVisualEffectGraphs":true,"m_FxEnabled":true},"in2DMode":false,"pivot":{"x":1.7413036823272706,"y":-1.4758977890014649,"z":10.926342964172364},"rotation":{"x":0.19837568700313569,"y":-0.03234104812145233,"z":0.006546124815940857,"w":0.9795766472816467},"size":3.2277426719665529,"orthographic":false}